{"v":"5.5.1","fr":29.9700012207031,"ip":0,"op":35.0000014255792,"w":1500,"h":1500,"nm":"Next","ddd":0,"assets":[{"id":"comp_0","layers":[{"ddd":0,"ind":1,"ty":4,"nm":"Next Outlines 3","sr":1,"ks":{"o":{"a":0,"k":100,"ix":11},"r":{"a":0,"k":0,"ix":10},"p":{"a":1,"k":[{"i":{"x":0.382,"y":1},"o":{"x":0.525,"y":0},"t":7,"s":[557.471,750.705,0],"to":[69.333,0,0],"ti":[0,0,0]},{"i":{"x":0.2,"y":1},"o":{"x":0.167,"y":0},"t":23,"s":[973.471,750.705,0],"to":[0,0,0],"ti":[0,0,0]},{"t":29.0000011811942,"s":[961.471,750.705,0]}],"ix":2},"a":{"a":0,"k":[886.982,676.216,0],"ix":1},"s":{"a":0,"k":[100,100,100],"ix":6}},"ao":0,"shapes":[{"ty":"gr","it":[{"ind":0,"ty":"sh","ix":1,"ks":{"a":1,"k":[{"i":{"x":0.2,"y":1},"o":{"x":0.333,"y":0},"t":7,"s":[{"i":[[39.111,2.065],[-0.943,49.471],[0,0],[-34.971,-0.354],[0,-55.984],[0,0]],"o":[[-34.221,-1.806],[0,0],[0,-55.984],[39.164,0.396],[0,0],[0,55.983]],"v":[[-25.749,259.602],[-101.528,178.824],[-102.028,-178.822],[-29.499,-260.351],[41.529,-174.822],[41.529,170.824]],"c":true}]},{"t":21.0000008553475,"s":[{"i":[[55.983,0],[0,55.983],[0,0],[-55.983,0],[0,-55.984],[0,0]],"o":[[-55.983,0],[0,0],[0,-55.984],[55.983,0],[0,0],[0,55.983]],"v":[[0,285.352],[-101.528,183.824],[-101.528,-183.822],[0,-285.351],[101.528,-183.822],[101.528,183.824]],"c":true}]}],"ix":2},"nm":"Path 1","mn":"ADBE Vector Shape - Group","hd":false},{"ty":"fl","c":{"a":0,"k":[0.026188491373,0.021800510556,0.023205497218,1],"ix":4},"o":{"a":0,"k":100,"ix":5},"r":1,"bm":0,"nm":"Fill 1","mn":"ADBE Vector Graphic - Fill","hd":false},{"ty":"tr","p":{"a":0,"k":[886.982,676.216],"ix":2},"a":{"a":0,"k":[0,0],"ix":1},"s":{"a":0,"k":[100,100],"ix":3},"r":{"a":0,"k":0,"ix":6},"o":{"a":0,"k":100,"ix":7},"sk":{"a":0,"k":0,"ix":4},"sa":{"a":0,"k":0,"ix":5},"nm":"Transform"}],"nm":"Group 3","np":2,"cix":2,"bm":0,"ix":1,"mn":"ADBE Vector Group","hd":false}],"ip":-4.00000016292334,"op":52.0000021180034,"st":-4.00000016292334,"bm":0},{"ddd":0,"ind":2,"ty":4,"nm":"Next Outlines 2","sr":1,"ks":{"o":{"a":0,"k":100,"ix":11},"r":{"a":0,"k":0,"ix":10},"p":{"a":0,"k":[961.488,752.705,0],"ix":2},"a":{"a":0,"k":[886.999,678.216,0],"ix":1},"s":{"a":1,"k":[{"i":{"x":[0.833,0.833,0.833],"y":[0.833,0.833,0.833]},"o":{"x":[0.167,0.167,0.167],"y":[0.167,0.167,0.167]},"t":10,"s":[100,100,100]},{"t":13.0000005295009,"s":[0,0,100]}],"ix":6}},"ao":0,"shapes":[{"ty":"gr","it":[{"ind":0,"ty":"sh","ix":1,"ks":{"a":1,"k":[{"i":{"x":0.833,"y":0.833},"o":{"x":0.743,"y":0},"t":5,"s":[{"i":[[55.983,0],[0,55.983],[0,0],[-55.983,0],[0,-55.984],[0,0]],"o":[[-55.983,0],[0,0],[0,-55.984],[55.983,0],[0,0],[0,55.983]],"v":[[0,285.352],[-101.528,183.824],[-101.528,-183.822],[0,-285.351],[101.528,-183.822],[101.528,183.824]],"c":true}]},{"t":10.0000004073083,"s":[{"i":[[55.983,0],[0,55.983],[0,0],[-55.983,0],[0,-55.984],[0,0]],"o":[[-55.983,0],[0,0],[0,-55.984],[55.983,0],[0,0],[0,55.983]],"v":[[0.017,103.352],[-101.511,1.824],[-101.511,2.178],[0.017,-99.351],[101.545,2.178],[101.545,1.824]],"c":true}]}],"ix":2},"nm":"Path 1","mn":"ADBE Vector Shape - Group","hd":false},{"ty":"fl","c":{"a":0,"k":[0.026188491373,0.021800510556,0.023205497218,1],"ix":4},"o":{"a":0,"k":100,"ix":5},"r":1,"bm":0,"nm":"Fill 1","mn":"ADBE Vector Graphic - Fill","hd":false},{"ty":"tr","p":{"a":0,"k":[886.982,676.216],"ix":2},"a":{"a":0,"k":[0,0],"ix":1},"s":{"a":0,"k":[100,100],"ix":3},"r":{"a":0,"k":0,"ix":6},"o":{"a":0,"k":100,"ix":7},"sk":{"a":0,"k":0,"ix":4},"sa":{"a":0,"k":0,"ix":5},"nm":"Transform"}],"nm":"Group 3","np":2,"cix":2,"bm":0,"ix":1,"mn":"ADBE Vector Group","hd":false}],"ip":-4.00000016292334,"op":13.0000005295009,"st":-4.00000016292334,"bm":0},{"ddd":0,"ind":3,"ty":4,"nm":"Next Outlines 5","td":1,"sr":1,"ks":{"o":{"a":0,"k":100,"ix":11},"r":{"a":0,"k":0,"ix":10},"p":{"a":0,"k":[961.488,752.705,0],"ix":2},"a":{"a":0,"k":[886.999,678.216,0],"ix":1},"s":{"a":1,"k":[{"i":{"x":[0.833,0.833,0.833],"y":[0.833,0.833,0.833]},"o":{"x":[0.167,0.167,0.167],"y":[0.167,0.167,0.167]},"t":10,"s":[100,100,100]},{"t":13.0000005295009,"s":[0,0,100]}],"ix":6}},"ao":0,"shapes":[{"ty":"gr","it":[{"ind":0,"ty":"sh","ix":1,"ks":{"a":1,"k":[{"i":{"x":0.833,"y":0.833},"o":{"x":0.8,"y":0},"t":4,"s":[{"i":[[55.983,0],[0,55.983],[0,0],[-55.983,0],[0,-55.984],[0,0]],"o":[[-55.983,0],[0,0],[0,-55.984],[55.983,0],[0,0],[0,55.983]],"v":[[0,285.352],[-101.528,183.824],[-101.528,-183.822],[0,-285.351],[101.528,-183.822],[101.528,183.824]],"c":true}]},{"t":10.0000004073083,"s":[{"i":[[55.983,0],[0,55.983],[0,0],[-55.983,0],[0,-55.984],[0,0]],"o":[[-55.983,0],[0,0],[0,-55.984],[55.983,0],[0,0],[0,55.983]],"v":[[0.017,103.352],[-101.511,1.824],[-101.511,2.178],[0.017,-99.351],[101.545,2.178],[101.545,1.824]],"c":true}]}],"ix":2},"nm":"Path 1","mn":"ADBE Vector Shape - Group","hd":false},{"ty":"fl","c":{"a":0,"k":[0.026188491373,0.021800510556,0.023205497218,1],"ix":4},"o":{"a":0,"k":100,"ix":5},"r":1,"bm":0,"nm":"Fill 1","mn":"ADBE Vector Graphic - Fill","hd":false},{"ty":"tr","p":{"a":0,"k":[886.982,676.216],"ix":2},"a":{"a":0,"k":[0,0],"ix":1},"s":{"a":0,"k":[100,100],"ix":3},"r":{"a":0,"k":0,"ix":6},"o":{"a":0,"k":100,"ix":7},"sk":{"a":0,"k":0,"ix":4},"sa":{"a":0,"k":0,"ix":5},"nm":"Transform"}],"nm":"Group 3","np":2,"cix":2,"bm":0,"ix":1,"mn":"ADBE Vector Group","hd":false},{"ty":"st","c":{"a":0,"k":[1,1,1,1],"ix":3},"o":{"a":0,"k":100,"ix":4},"w":{"a":1,"k":[{"i":{"x":[0.833],"y":[0.833]},"o":{"x":[0.167],"y":[0.167]},"t":10,"s":[50]},{"t":12.00000048877,"s":[121]}],"ix":5},"lc":1,"lj":1,"ml":4,"bm":0,"nm":"Stroke 1","mn":"ADBE Vector Graphic - Stroke","hd":false}],"ip":-4.00000016292334,"op":13.0000005295009,"st":-4.00000016292334,"bm":0},{"ddd":0,"ind":4,"ty":4,"nm":"Next Outlines","tt":2,"sr":1,"ks":{"o":{"a":0,"k":100,"ix":11},"r":{"a":0,"k":0,"ix":10},"p":{"a":1,"k":[{"i":{"x":0.833,"y":0.833},"o":{"x":0.167,"y":0.167},"t":11,"s":[948.352,750,0],"to":[7.167,0,0],"ti":[-7.167,0,0]},{"t":18.000000733155,"s":[991.352,750,0]}],"ix":2},"a":{"a":0,"k":[873.863,675.511,0],"ix":1},"s":{"a":1,"k":[{"i":{"x":[0.833,0.833,0.833],"y":[0.833,0.833,0.833]},"o":{"x":[0.167,0.167,0.167],"y":[0.167,0.167,0.167]},"t":10,"s":[100,100,100]},{"i":{"x":[0.833,0.833,0.833],"y":[0.833,0.833,0.833]},"o":{"x":[0.167,0.167,0.167],"y":[0.167,0.167,0.167]},"t":11,"s":[100,108.4,100]},{"t":15.0000006109625,"s":[36,107.8,100]}],"ix":6}},"ao":0,"shapes":[{"ty":"gr","it":[{"ind":0,"ty":"sh","ix":1,"ks":{"a":1,"k":[{"i":{"x":0.833,"y":0.833},"o":{"x":0.167,"y":0.167},"t":9,"s":[{"i":[[0,0],[0,-55.32],[0,0],[-37.494,18.746],[0,0],[41.561,20.78]],"o":[[-37.494,-18.747],[0,0],[0,41.919],[0,0],[41.561,-20.78],[0,0]],"v":[[-158.096,-228.555],[-239.704,-178.118],[-239.704,178.121],[-158.096,228.557],[198.143,50.437],[198.143,-50.435]],"c":true}]},{"i":{"x":0.833,"y":0.833},"o":{"x":0.167,"y":0.167},"t":10,"s":[{"i":[[0,0],[0,-55.32],[0,0],[-37.494,18.746],[0,0],[41.561,20.78]],"o":[[-37.494,-18.747],[0,0],[0,41.919],[0,0],[41.561,-20.78],[0,0]],"v":[[-132.284,-228.555],[-213.892,-178.118],[-213.892,180.272],[-132.284,230.707],[198.143,50.436],[198.143,-50.435]],"c":true}]},{"i":{"x":0.833,"y":0.833},"o":{"x":0.167,"y":0.167},"t":11,"s":[{"i":[[0,0],[0,-55.32],[0,0],[-37.494,18.746],[0,0],[41.561,20.78]],"o":[[-37.494,-18.747],[0,0],[0,41.919],[0,0],[41.561,-20.78],[0,0]],"v":[[-104.632,-216.782],[-186.24,-166.345],[-181.985,164.573],[-100.377,215.009],[198.143,50.437],[198.143,-50.435]],"c":true}]},{"i":{"x":0.833,"y":0.833},"o":{"x":0.167,"y":0.167},"t":12,"s":[{"i":[[0,0],[0,-55.32],[0,0],[-37.494,18.746],[0,0],[41.561,20.78]],"o":[[-37.494,-18.747],[0,0],[0,41.919],[0,0],[41.561,-20.78],[0,0]],"v":[[-114.632,-214.842],[-196.24,-164.405],[-191.985,162.633],[-110.377,213.069],[198.143,50.437],[198.143,-50.435]],"c":true}]},{"i":{"x":0.833,"y":0.833},"o":{"x":0.167,"y":0.167},"t":15,"s":[{"i":[[0,0],[0,-55.32],[0,0],[-37.494,18.746],[0,0],[41.561,20.78]],"o":[[-37.494,-18.747],[0,0],[0,41.919],[0,0],[41.561,-20.78],[0,0]],"v":[[-69.217,-205.363],[-150.825,-154.926],[-157.924,156.946],[-76.316,207.382],[198.143,50.436],[198.143,-50.435]],"c":true}]},{"t":16.0000006516934,"s":[{"i":[[0,0],[0,-55.32],[0,0],[-37.494,18.746],[0,0],[41.561,20.78]],"o":[[-37.494,-18.747],[0,0],[0,41.919],[0,0],[41.561,-20.78],[0,0]],"v":[[94.487,-188.397],[12.879,-137.96],[11.424,147.52],[93.032,197.956],[198.143,50.436],[198.143,-50.435]],"c":true}]}],"ix":2},"nm":"Path 1","mn":"ADBE Vector Shape - Group","hd":false},{"ty":"st","c":{"a":0,"k":[0.026188491373,0.021800510556,0.023205497218,1],"ix":3},"o":{"a":0,"k":100,"ix":4},"w":{"a":0,"k":50,"ix":5},"lc":1,"lj":1,"ml":10,"bm":0,"nm":"Stroke 1","mn":"ADBE Vector Graphic - Stroke","hd":false},{"ty":"fl","c":{"a":0,"k":[0.026188491373,0.021800510556,0.023205497218,1],"ix":4},"o":{"a":0,"k":100,"ix":5},"r":1,"bm":0,"nm":"Fill 1","mn":"ADBE Vector Graphic - Fill","hd":false},{"ty":"tr","p":{"a":0,"k":[644.549,676.439],"ix":2},"a":{"a":0,"k":[0,0],"ix":1},"s":{"a":0,"k":[100,100],"ix":3},"r":{"a":0,"k":0,"ix":6},"o":{"a":0,"k":100,"ix":7},"sk":{"a":0,"k":0,"ix":4},"sa":{"a":0,"k":0,"ix":5},"nm":"Transform"}],"nm":"Group 6","np":3,"cix":2,"bm":0,"ix":1,"mn":"ADBE Vector Group","hd":false}],"ip":-4.00000016292334,"op":19.0000007738859,"st":-4.00000016292334,"bm":0},{"ddd":0,"ind":5,"ty":4,"nm":"Next Outlines 6","parent":1,"td":1,"sr":1,"ks":{"o":{"a":0,"k":100,"ix":11},"r":{"a":0,"k":0,"ix":10},"p":{"a":0,"k":[886.982,676.216,0],"ix":2},"a":{"a":0,"k":[886.982,676.216,0],"ix":1},"s":{"a":0,"k":[100,100,100],"ix":6}},"ao":0,"shapes":[{"ty":"gr","it":[{"ind":0,"ty":"sh","ix":1,"ks":{"a":1,"k":[{"i":{"x":0.2,"y":1},"o":{"x":0.333,"y":0},"t":7,"s":[{"i":[[39.111,2.065],[-0.943,49.471],[0,0],[-34.971,-0.354],[0,-55.984],[0,0]],"o":[[-34.221,-1.806],[0,0],[0,-55.984],[39.164,0.396],[0,0],[0,55.983]],"v":[[-25.749,259.602],[-101.528,178.824],[-102.028,-178.822],[-29.499,-260.351],[41.529,-174.822],[41.529,170.824]],"c":true}]},{"t":21.0000008553475,"s":[{"i":[[55.983,0],[0,55.983],[0,0],[-55.983,0],[0,-55.984],[0,0]],"o":[[-55.983,0],[0,0],[0,-55.984],[55.983,0],[0,0],[0,55.983]],"v":[[0,285.352],[-101.528,183.824],[-101.528,-183.822],[0,-285.351],[101.528,-183.822],[101.528,183.824]],"c":true}]}],"ix":2},"nm":"Path 1","mn":"ADBE Vector Shape - Group","hd":false},{"ty":"fl","c":{"a":0,"k":[0.026188491373,0.021800510556,0.023205497218,1],"ix":4},"o":{"a":0,"k":100,"ix":5},"r":1,"bm":0,"nm":"Fill 1","mn":"ADBE Vector Graphic - Fill","hd":false},{"ty":"tr","p":{"a":0,"k":[886.982,676.216],"ix":2},"a":{"a":0,"k":[0,0],"ix":1},"s":{"a":0,"k":[100,100],"ix":3},"r":{"a":0,"k":0,"ix":6},"o":{"a":0,"k":100,"ix":7},"sk":{"a":0,"k":0,"ix":4},"sa":{"a":0,"k":0,"ix":5},"nm":"Transform"}],"nm":"Group 3","np":2,"cix":2,"bm":0,"ix":1,"mn":"ADBE Vector Group","hd":false},{"ty":"st","c":{"a":0,"k":[1,1,1,1],"ix":3},"o":{"a":0,"k":100,"ix":4},"w":{"a":0,"k":50,"ix":5},"lc":1,"lj":1,"ml":4,"bm":0,"nm":"Stroke 1","mn":"ADBE Vector Graphic - Stroke","hd":false}],"ip":-4.00000016292334,"op":52.0000021180034,"st":-4.00000016292334,"bm":0},{"ddd":0,"ind":6,"ty":4,"nm":"Next Outlines 4","tt":2,"sr":1,"ks":{"o":{"a":0,"k":100,"ix":11},"r":{"a":0,"k":0,"ix":10},"p":{"a":1,"k":[{"i":{"x":0.451,"y":1},"o":{"x":0.333,"y":0},"t":12,"s":[125.005,749.938,0],"to":[141,0.01,0],"ti":[0,0,0]},{"i":{"x":0.2,"y":1},"o":{"x":0.333,"y":0},"t":22,"s":[971.005,750,0],"to":[0,0,0],"ti":[0,0,0]},{"t":27.0000010997325,"s":[947.005,750,0]}],"ix":2},"a":{"a":0,"k":[873.863,675.511,0],"ix":1},"s":{"a":1,"k":[{"i":{"x":[0.451,0.667,0.667],"y":[1,1,1]},"o":{"x":[0.333,0.333,0.333],"y":[0,0,0]},"t":12,"s":[139.6,111.6,100]},{"i":{"x":[0.2,0.2,0.2],"y":[1,1,1]},"o":{"x":[0.333,0.333,0.333],"y":[0,0,0]},"t":22,"s":[86.5,100,100]},{"t":29.0000011811942,"s":[100,100,100]}],"ix":6}},"ao":0,"shapes":[{"ty":"gr","it":[{"ind":0,"ty":"sh","ix":1,"ks":{"a":0,"k":{"i":[[0,0],[0,-55.32],[0,0],[-37.494,18.746],[0,0],[41.561,20.78]],"o":[[-37.494,-18.747],[0,0],[0,41.919],[0,0],[41.561,-20.78],[0,0]],"v":[[-158.096,-228.555],[-239.704,-178.118],[-239.704,178.121],[-158.096,228.557],[198.143,50.437],[198.143,-50.435]],"c":true},"ix":2},"nm":"Path 1","mn":"ADBE Vector Shape - Group","hd":false},{"ty":"st","c":{"a":0,"k":[0.026188491373,0.021800510556,0.023205497218,1],"ix":3},"o":{"a":0,"k":100,"ix":4},"w":{"a":0,"k":50,"ix":5},"lc":1,"lj":1,"ml":10,"bm":0,"nm":"Stroke 1","mn":"ADBE Vector Graphic - Stroke","hd":false},{"ty":"fl","c":{"a":0,"k":[0.026188491373,0.021800510556,0.023205497218,1],"ix":4},"o":{"a":0,"k":100,"ix":5},"r":1,"bm":0,"nm":"Fill 1","mn":"ADBE Vector Graphic - Fill","hd":false},{"ty":"tr","p":{"a":0,"k":[644.549,676.439],"ix":2},"a":{"a":0,"k":[0,0],"ix":1},"s":{"a":0,"k":[100,100],"ix":3},"r":{"a":0,"k":0,"ix":6},"o":{"a":0,"k":100,"ix":7},"sk":{"a":0,"k":0,"ix":4},"sa":{"a":0,"k":0,"ix":5},"nm":"Transform"}],"nm":"Group 6","np":3,"cix":2,"bm":0,"ix":1,"mn":"ADBE Vector Group","hd":false}],"ip":12.00000048877,"op":52.0000021180034,"st":-2.00000008146167,"bm":0}]}],"layers":[{"ddd":0,"ind":1,"ty":4,"nm":"Frame","sr":1,"ks":{"o":{"a":0,"k":100,"ix":11},"r":{"a":0,"k":0,"ix":10},"p":{"a":0,"k":[750,750,0],"ix":2},"a":{"a":0,"k":[675.511,675.511,0],"ix":1},"s":{"a":1,"k":[{"i":{"x":[0.2,0.2,0.2],"y":[1,1,1]},"o":{"x":[0.333,0.333,0.333],"y":[0,0,0]},"t":5,"s":[100,100,100]},{"i":{"x":[0.2,0.2,0.2],"y":[1,1,1]},"o":{"x":[0.177,0.177,0.177],"y":[0,0,0]},"t":10,"s":[92.6,92.6,100]},{"t":25.0000010182709,"s":[100,100,100]}],"ix":6}},"ao":0,"shapes":[{"ty":"gr","it":[{"ind":0,"ty":"sh","ix":1,"ks":{"a":0,"k":{"i":[[312.073,0],[0,0],[0,312.073],[0,0],[-312.073,0],[0,0],[0,-312.073],[0,0]],"o":[[0,0],[-312.073,0],[0,0],[0,-312.073],[0,0],[312.073,0],[0,0],[0,312.073]],"v":[[0,565.058],[0,565.058],[-565.058,0],[-565.058,-0.001],[0,-565.058],[0,-565.058],[565.058,-0.001],[565.058,0]],"c":true},"ix":2},"nm":"Path 1","mn":"ADBE Vector Shape - Group","hd":false},{"ty":"st","c":{"a":0,"k":[0.026188491373,0.021800510556,0.023205497218,1],"ix":3},"o":{"a":0,"k":100,"ix":4},"w":{"a":1,"k":[{"i":{"x":[0.37],"y":[1]},"o":{"x":[0.243],"y":[0]},"t":5,"s":[44.181]},{"i":{"x":[0.069],"y":[1]},"o":{"x":[0.309],"y":[0]},"t":12,"s":[70]},{"t":25.0000010182709,"s":[44.181]}],"ix":5},"lc":1,"lj":1,"ml":10,"bm":0,"nm":"Stroke 1","mn":"ADBE Vector Graphic - Stroke","hd":false},{"ty":"tr","p":{"a":0,"k":[675.511,675.511],"ix":2},"a":{"a":0,"k":[0,0],"ix":1},"s":{"a":0,"k":[100,100],"ix":3},"r":{"a":0,"k":0,"ix":6},"o":{"a":0,"k":100,"ix":7},"sk":{"a":0,"k":0,"ix":4},"sa":{"a":0,"k":0,"ix":5},"nm":"Transform"}],"nm":"Group 2","np":2,"cix":2,"bm":0,"ix":1,"mn":"ADBE Vector Group","hd":false}],"ip":0,"op":506.000020609802,"st":6.00000024438501,"bm":0},{"ddd":0,"ind":2,"ty":4,"nm":"Frame 2","parent":1,"td":1,"sr":1,"ks":{"o":{"a":0,"k":100,"ix":11},"r":{"a":0,"k":0,"ix":10},"p":{"a":0,"k":[675.511,675.511,0],"ix":2},"a":{"a":0,"k":[675.511,675.511,0],"ix":1},"s":{"a":0,"k":[100,100,100],"ix":6}},"ao":0,"shapes":[{"ty":"gr","it":[{"ind":0,"ty":"sh","ix":1,"ks":{"a":0,"k":{"i":[[312.073,0],[0,0],[0,312.073],[0,0],[-312.073,0],[0,0],[0,-312.073],[0,0]],"o":[[0,0],[-312.073,0],[0,0],[0,-312.073],[0,0],[312.073,0],[0,0],[0,312.073]],"v":[[0,565.058],[0,565.058],[-565.058,0],[-565.058,-0.001],[0,-565.058],[0,-565.058],[565.058,-0.001],[565.058,0]],"c":true},"ix":2},"nm":"Path 1","mn":"ADBE Vector Shape - Group","hd":false},{"ty":"tr","p":{"a":0,"k":[675.511,675.511],"ix":2},"a":{"a":0,"k":[0,0],"ix":1},"s":{"a":0,"k":[100,100],"ix":3},"r":{"a":0,"k":0,"ix":6},"o":{"a":0,"k":100,"ix":7},"sk":{"a":0,"k":0,"ix":4},"sa":{"a":0,"k":0,"ix":5},"nm":"Transform"}],"nm":"Group 2","np":2,"cix":2,"bm":0,"ix":1,"mn":"ADBE Vector Group","hd":false},{"ty":"fl","c":{"a":0,"k":[0,0,0,1],"ix":4},"o":{"a":0,"k":100,"ix":5},"r":1,"bm":0,"nm":"Fill 1","mn":"ADBE Vector Graphic - Fill","hd":false}],"ip":0,"op":506.000020609802,"st":6.00000024438501,"bm":0},{"ddd":0,"ind":3,"ty":0,"nm":"Nex","tt":1,"refId":"comp_0","sr":1,"ks":{"o":{"a":0,"k":100,"ix":11},"r":{"a":0,"k":0,"ix":10},"p":{"a":0,"k":[750,750,0],"ix":2},"a":{"a":0,"k":[750,750,0],"ix":1},"s":{"a":0,"k":[100,100,100],"ix":6}},"ao":0,"w":1500,"h":1500,"ip":0,"op":500.000020365417,"st":0,"bm":0}],"markers":[{"tm":5.00000020365417,"cm":"","dr":0},{"tm":29.0000011811942,"cm":"","dr":0}]}