{"v":"5.5.7","meta":{"g":"LottieFiles AE 0.1.20","a":"","k":"","d":"","tc":""},"fr":30,"ip":0,"op":60,"w":500,"h":500,"nm":"loop","ddd":0,"assets":[],"layers":[{"ddd":0,"ind":1,"ty":4,"nm":"A","sr":1,"ks":{"o":{"a":0,"k":100,"ix":11},"r":{"a":1,"k":[{"i":{"x":[0.216],"y":[1]},"o":{"x":[0.333],"y":[0]},"t":10,"s":[0]},{"t":21,"s":[360]}],"ix":10},"p":{"a":0,"k":[250,250,0],"ix":2},"a":{"a":0,"k":[-108.308,-80.598,0],"ix":1},"s":{"a":0,"k":[293,293,100],"ix":6}},"ao":0,"shapes":[{"ty":"gr","it":[{"ind":0,"ty":"sh","ix":1,"ks":{"a":0,"k":{"i":[[-0.653,-1.468],[-1.713,1.06],[0.245,0.082],[0.734,-0.489],[1.55,-5.873],[-0.408,0.326],[-0.979,3.181],[-1.958,0.082]],"o":[[0.245,0.163],[-1.713,-9.218],[-2.039,-0.408],[-0.734,0.489],[0.979,0.734],[0.489,-0.734],[2.937,0],[0.979,3.018]],"v":[[-95.501,-51.414],[-80.41,-52.882],[-99.417,-109.658],[-118.097,-109.086],[-136.206,-52.964],[-121.034,-51.577],[-117.2,-63.65],[-99.825,-63.65]],"c":true},"ix":2},"nm":"A","mn":"ADBE Vector Shape - Group","hd":false},{"ind":1,"ty":"sh","ix":2,"ks":{"a":0,"k":{"i":[[-0.163,0],[-2.039,-5.629],[2.773,-0.082],[-1.142,4.079]],"o":[[1.06,3.916],[-3.345,0],[1.876,-5.302],[0.163,0]],"v":[[-107.982,-96.361],[-101.456,-74.989],[-114.997,-74.826],[-108.471,-96.279]],"c":true},"ix":2},"nm":"A","mn":"ADBE Vector Shape - Group","hd":false},{"ty":"mm","mm":1,"nm":"Merge Paths 1","mn":"ADBE Vector Filter - Merge","hd":false},{"ty":"fl","c":{"a":0,"k":[0.2196078431372549,0.13725490196078433,0.9607843137254902,1],"ix":4},"o":{"a":0,"k":100,"ix":5},"r":1,"bm":0,"nm":"Fill 1","mn":"ADBE Vector Graphic - Fill","hd":false},{"ty":"st","c":{"a":0,"k":[0.9725490196078431,0.9058823529411765,0.10980392156862745,1],"ix":3},"o":{"a":0,"k":100,"ix":4},"w":{"a":0,"k":5,"ix":5},"lc":1,"lj":1,"ml":4,"bm":0,"nm":"Stroke 1","mn":"ADBE Vector Graphic - Stroke","hd":false},{"ty":"tr","p":{"a":0,"k":[0,0],"ix":2},"a":{"a":0,"k":[0,0],"ix":1},"s":{"a":0,"k":[100,100],"ix":3},"r":{"a":0,"k":0,"ix":6},"o":{"a":0,"k":100,"ix":7},"sk":{"a":0,"k":0,"ix":4},"sa":{"a":0,"k":0,"ix":5},"nm":"Transform"}],"nm":"A","np":5,"cix":2,"bm":0,"ix":1,"mn":"ADBE Vector Group","hd":false}],"ip":0,"op":12,"st":0,"bm":0},{"ddd":0,"ind":2,"ty":4,"nm":"B","sr":1,"ks":{"o":{"a":0,"k":100,"ix":11},"r":{"a":1,"k":[{"i":{"x":[0.216],"y":[1]},"o":{"x":[0.333],"y":[0]},"t":10,"s":[0]},{"i":{"x":[0.08],"y":[1]},"o":{"x":[0.167],"y":[0]},"t":21,"s":[360]},{"i":{"x":[0.156],"y":[1]},"o":{"x":[0.167],"y":[0]},"t":31,"s":[360]},{"t":43,"s":[720]}],"ix":10},"p":{"a":0,"k":[250,250,0],"ix":2},"a":{"a":0,"k":[-50.073,-80.454,0],"ix":1},"s":{"a":0,"k":[293,293,100],"ix":6}},"ao":0,"shapes":[{"ty":"gr","it":[{"ind":0,"ty":"sh","ix":1,"ks":{"a":0,"k":{"i":[[-0.163,1.55],[-1.958,0],[0,-4.242],[6.526,0],[1.876,0.245]],"o":[[1.468,-0.082],[6.281,0],[0,3.671],[-1.958,0],[0,0]],"v":[[-57.667,-75.723],[-52.773,-75.968],[-42.984,-69.442],[-52.283,-63.079],[-57.83,-63.405]],"c":true},"ix":2},"nm":"B","mn":"ADBE Vector Shape - Group","hd":false},{"ind":1,"ty":"sh","ix":2,"ks":{"a":0,"k":{"i":[[-0.082,1.713],[-1.631,0],[0,-4.487],[5.955,0],[0.897,0.082]],"o":[[0.816,-0.082],[3.589,0],[0,3.834],[-1.631,0],[0,0]],"v":[[-58.32,-97.911],[-54.567,-98.156],[-45.921,-92.201],[-54.894,-86.246],[-58.401,-86.327]],"c":true},"ix":2},"nm":"B","mn":"ADBE Vector Shape - Group","hd":false},{"ind":2,"ty":"sh","ix":3,"ks":{"a":0,"k":{"i":[[0,0],[0,6.607],[13.052,0],[0.245,-0.653],[-0.408,-0.326],[-7.749,0],[0,11.012],[5.139,1.06]],"o":[[3.916,-2.039],[0,-11.91],[-1.224,0],[-0.245,0.653],[0.408,0.326],[14.357,0],[0,-8.239],[0,0]],"v":[[-38.171,-82.004],[-31.482,-93.751],[-56.036,-109.25],[-72.432,-108.271],[-71.779,-52.638],[-50.489,-51.659],[-27.648,-67.484],[-38.171,-81.515]],"c":true},"ix":2},"nm":"B","mn":"ADBE Vector Shape - Group","hd":false},{"ty":"mm","mm":1,"nm":"Merge Paths 1","mn":"ADBE Vector Filter - Merge","hd":false},{"ty":"fl","c":{"a":0,"k":[1,0,0.11372549019607843,1],"ix":4},"o":{"a":0,"k":100,"ix":5},"r":1,"bm":0,"nm":"Fill 1","mn":"ADBE Vector Graphic - Fill","hd":false},{"ty":"st","c":{"a":0,"k":[0.9725490196078431,0.9058823529411765,0.10980392156862745,1],"ix":3},"o":{"a":0,"k":100,"ix":4},"w":{"a":0,"k":5,"ix":5},"lc":1,"lj":1,"ml":4,"bm":0,"nm":"Stroke 1","mn":"ADBE Vector Graphic - Stroke","hd":false},{"ty":"tr","p":{"a":0,"k":[0,0],"ix":2},"a":{"a":0,"k":[0,0],"ix":1},"s":{"a":0,"k":[100,100],"ix":3},"r":{"a":0,"k":0,"ix":6},"o":{"a":0,"k":100,"ix":7},"sk":{"a":0,"k":0,"ix":4},"sa":{"a":0,"k":0,"ix":5},"nm":"Transform"}],"nm":"B","np":6,"cix":2,"bm":0,"ix":1,"mn":"ADBE Vector Group","hd":false}],"ip":12,"op":33,"st":0,"bm":0},{"ddd":0,"ind":3,"ty":4,"nm":"C","sr":1,"ks":{"o":{"a":0,"k":100,"ix":11},"r":{"a":1,"k":[{"i":{"x":[0.156],"y":[1]},"o":{"x":[0.167],"y":[0]},"t":31,"s":[360]},{"i":{"x":[0],"y":[1]},"o":{"x":[0.167],"y":[0]},"t":43,"s":[720]},{"i":{"x":[0.238],"y":[1]},"o":{"x":[0.167],"y":[0]},"t":53,"s":[720]},{"t":63,"s":[1080]}],"ix":10},"p":{"a":0,"k":[250,250,0],"ix":2},"a":{"a":0,"k":[3.375,-80.291,0],"ix":1},"s":{"a":0,"k":[293,293,100],"ix":6}},"ao":0,"shapes":[{"ty":"gr","it":[{"ind":0,"ty":"sh","ix":1,"ks":{"a":0,"k":{"i":[[0,11.665],[-8.402,0],[-2.937,-1.713],[0,1.631],[9.381,0],[0,-16.396],[-19.088,0],[-3.508,3.997],[1.876,1.305],[6.607,0]],"o":[[0,-9.299],[5.139,0],[2.039,-1.713],[-2.529,-2.447],[-18.517,0],[0,17.049],[9.381,0],[-1.305,-2.773],[-1.795,1.305],[-6.934,0]],"v":[[-5.843,-80.536],[9.085,-96.524],[22.136,-92.609],[27.602,-104.763],[8.922,-110.147],[-21.179,-81.107],[6.801,-50.435],[27.928,-58.348],[21.158,-69.034],[8.269,-64.221]],"c":true},"ix":2},"nm":"C","mn":"ADBE Vector Shape - Group","hd":false},{"ty":"fl","c":{"a":0,"k":[0.2196078431372549,1,0,1],"ix":4},"o":{"a":0,"k":100,"ix":5},"r":1,"bm":0,"nm":"Fill 1","mn":"ADBE Vector Graphic - Fill","hd":false},{"ty":"st","c":{"a":0,"k":[0.9725490196078431,0.9058823529411765,0.10980392156862745,1],"ix":3},"o":{"a":0,"k":100,"ix":4},"w":{"a":0,"k":5,"ix":5},"lc":1,"lj":1,"ml":4,"bm":0,"nm":"Stroke 1","mn":"ADBE Vector Graphic - Stroke","hd":false},{"ty":"tr","p":{"a":0,"k":[0,0],"ix":2},"a":{"a":0,"k":[0,0],"ix":1},"s":{"a":0,"k":[100,100],"ix":3},"r":{"a":0,"k":0,"ix":6},"o":{"a":0,"k":100,"ix":7},"sk":{"a":0,"k":0,"ix":4},"sa":{"a":0,"k":0,"ix":5},"nm":"Transform"}],"nm":"C","np":3,"cix":2,"bm":0,"ix":1,"mn":"ADBE Vector Group","hd":false}],"ip":33,"op":55,"st":0,"bm":0},{"ddd":0,"ind":4,"ty":4,"nm":"A 2","sr":1,"ks":{"o":{"a":0,"k":100,"ix":11},"r":{"a":1,"k":[{"i":{"x":[0.238],"y":[1]},"o":{"x":[0.167],"y":[0]},"t":53,"s":[720]},{"t":63,"s":[1080]}],"ix":10},"p":{"a":0,"k":[250,250,0],"ix":2},"a":{"a":0,"k":[-108.308,-80.598,0],"ix":1},"s":{"a":0,"k":[293,293,100],"ix":6}},"ao":0,"shapes":[{"ty":"gr","it":[{"ind":0,"ty":"sh","ix":1,"ks":{"a":0,"k":{"i":[[-0.653,-1.468],[-1.713,1.06],[0.245,0.082],[0.734,-0.489],[1.55,-5.873],[-0.408,0.326],[-0.979,3.181],[-1.958,0.082]],"o":[[0.245,0.163],[-1.713,-9.218],[-2.039,-0.408],[-0.734,0.489],[0.979,0.734],[0.489,-0.734],[2.937,0],[0.979,3.018]],"v":[[-95.501,-51.414],[-80.41,-52.882],[-99.417,-109.658],[-118.097,-109.086],[-136.206,-52.964],[-121.034,-51.577],[-117.2,-63.65],[-99.825,-63.65]],"c":true},"ix":2},"nm":"A","mn":"ADBE Vector Shape - Group","hd":false},{"ind":1,"ty":"sh","ix":2,"ks":{"a":0,"k":{"i":[[-0.163,0],[-2.039,-5.629],[2.773,-0.082],[-1.142,4.079]],"o":[[1.06,3.916],[-3.345,0],[1.876,-5.302],[0.163,0]],"v":[[-107.982,-96.361],[-101.456,-74.989],[-114.997,-74.826],[-108.471,-96.279]],"c":true},"ix":2},"nm":"A","mn":"ADBE Vector Shape - Group","hd":false},{"ty":"mm","mm":1,"nm":"Merge Paths 1","mn":"ADBE Vector Filter - Merge","hd":false},{"ty":"fl","c":{"a":0,"k":[0.9725490196078431,0.9058823529411765,0.10980392156862745,1],"ix":4},"o":{"a":0,"k":100,"ix":5},"r":1,"bm":0,"nm":"Fill 1","mn":"ADBE Vector Graphic - Fill","hd":false},{"ty":"st","c":{"a":0,"k":[0.9725490196078431,0.9058823529411765,0.10980392156862745,1],"ix":3},"o":{"a":0,"k":100,"ix":4},"w":{"a":0,"k":5,"ix":5},"lc":1,"lj":1,"ml":4,"bm":0,"nm":"Stroke 1","mn":"ADBE Vector Graphic - Stroke","hd":false},{"ty":"tr","p":{"a":0,"k":[0,0],"ix":2},"a":{"a":0,"k":[0,0],"ix":1},"s":{"a":0,"k":[100,100],"ix":3},"r":{"a":0,"k":0,"ix":6},"o":{"a":0,"k":100,"ix":7},"sk":{"a":0,"k":0,"ix":4},"sa":{"a":0,"k":0,"ix":5},"nm":"Transform"}],"nm":"A","np":5,"cix":2,"bm":0,"ix":1,"mn":"ADBE Vector Group","hd":false}],"ip":55,"op":62,"st":50,"bm":0}],"markers":[]}